root_id,exchange,root,contract_symbol,delivery_year,delivery_month,month_code,frequency,path,row_count,first_timestamp_ms,last_timestamp_ms,source_order_monotonic,duplicate_timestamp_count,null_price_row_count,invalid_ohlc_row_count,no_range_bar_count,reported_total_volume,reported_total_open_interest,metadata_total_observations,metadata_total_volume,metadata_total_open_interest,sha256
ROOT#108815,CBOT,ZC,ZCK26,2026,5,K,daily,data/daily/CBOT/ZC/ZCK26.parquet,606,1702512000000,1778716800000,True,0,0,0,97,17902302,54526747.0,606,17902302,54526747.0,7f0fb9a48537db28de493af712865cb542d71ec218a11583658ad98755dac965
ROOT#108815,CBOT,ZC,ZCK26,2026,5,K,minute,data/minute/CBOT/ZC/ZCK26.parquet,125857,1704719280000,1778750040000,True,0,0,0,74980,8824100,,125857,8824100,,078535ba68bba8c7c0cf0029c99caa8325c614d2f86a6e0aad24c162ed0d1015
ROOT#108815,CBOT,ZC,ZCH26,2026,3,H,daily,data/daily/CBOT/ZC/ZCH26.parquet,563,1702512000000,1773360000000,True,0,0,0,15,21341624,75475421.0,563,21341624,75475421.0,e305c10a316b4e6347ed8451b5f5cec51e75dc11ad1eca3756dc44ac30b3afbf
ROOT#108815,CBOT,ZC,ZCH26,2026,3,H,minute,data/minute/CBOT/ZC/ZCH26.parquet,139406,1703147400000,1773402720000,True,0,0,0,80156,11015543,,139406,11015543,,dd3cfdc53c6904f8a04a9dd58e508adacfbe477604873d94e78633250516ae4f
ROOT#108815,CBOT,ZC,ZCZ25,2025,12,Z,daily,data/daily/CBOT/ZC/ZCZ25.parquet,1005,1639440000000,1765497600000,True,0,0,0,51,32362340,135510473.0,1005,32362340,135510473.0,1a16dd1807cc18dcc068caf64150ac10f98159667b8eb6f2974339bec8633075
ROOT#108815,CBOT,ZC,ZCZ25,2025,12,Z,minute,data/minute/CBOT/ZC/ZCZ25.parquet,207551,1640165580000,1765539660000,True,0,0,0,112179,18029408,,207551,18029408,,9582cc84ee19d6323bec890fdf4416c95047964f10e5ed56669b0611d27ffe73
ROOT#108815,CBOT,ZC,ZCU25,2025,9,U,daily,data/daily/CBOT/ZC/ZCU25.parquet,689,1670976000000,1757635200000,True,0,0,0,219,14985096,61986122.0,689,14985096,61986122.0,e1834aafdddac148d81491525ebd8684c4f4b4ae832eb3b1df86c51488be1465
ROOT#108815,CBOT,ZC,ZCU25,2025,9,U,minute,data/minute/CBOT/ZC/ZCU25.parquet,113407,1684177200000,1757674980000,True,0,0,0,68920,5518475,,113407,5518475,,bb1fb48ca55e5a7d77169c5fa1d52494363c7cdb0b917e6e59d014d9212642c4
ROOT#108815,CBOT,ZC,ZCN25,2025,7,N,daily,data/daily/CBOT/ZC/ZCN25.parquet,898,1639440000000,1752451200000,True,0,0,3,329,21117177,77510692.0,898,21117177,77510692.0,40c86b17de295396ad2950a90bb202577ba893bf35a00cf50bfcf3fa68abb25a
ROOT#108815,CBOT,ZC,ZCN25,2025,7,N,minute,data/minute/CBOT/ZC/ZCN25.parquet,140505,1645669620000,1752482160000,True,0,0,0,82024,8909082,,140505,8909082,,f32912717114cfc3a95a0bf200a75d82607a917606633934f6bd8a2e761505b0
ROOT#108827,CBOT,ZN,ZNM26,2026,6,M,daily,data/daily/CBOT/ZN/ZNM26.parquet,189,1758240000000,1781740800000,True,0,0,0,21,173542262,343562097.0,189,173542262,343562097.0,14034a7c9ffe0e536c24c671ff456c1b01fe9936cb669c87e6ecb05ddd5a17f1
ROOT#108827,CBOT,ZN,ZNM26,2026,6,M,minute,data/minute/CBOT/ZN/ZNM26.parquet,98534,1761041040000,1781778600000,True,0,0,0,33995,134335097,,98534,134335097,,caee3477e26da19ec1cd90895d612f23ff2ca3b930a6ec23a9a1ff7d751714ad
ROOT#108827,CBOT,ZN,ZNH26,2026,3,H,daily,data/daily/CBOT/ZN/ZNH26.parquet,190,1750204800000,1773964800000,True,0,0,0,21,140633418,344662348.0,190,140633418,344662348.0,d9495f9847c0dbed5d1760cd4c6e3a71b9c0a8a308d775e5dbb533cad3bca69f
ROOT#108827,CBOT,ZN,ZNH26,2026,3,H,minute,data/minute/CBOT/ZN/ZNH26.parquet,97384,1751016600000,1774001580000,True,0,0,0,37870,107312444,,97384,107312444,,4cc633afd1de6c8c06027bd9b8e2fbc43267b6ca2bfd83e45ecf659363aa97cc
ROOT#108827,CBOT,ZN,ZNZ25,2025,12,Z,daily,data/daily/CBOT/ZN/ZNZ25.parquet,191,1742428800000,1766102400000,True,0,0,0,17,132172887,347020180.0,191,132172887,347020180.0,2ce33ba51dd5d1cf3f3d27176389d3d0300504567aea972398bba4e3f6959680
ROOT#108827,CBOT,ZN,ZNZ25,2025,12,Z,minute,data/minute/CBOT/ZN/ZNZ25.parquet,94021,1743997200000,1766139780000,True,0,0,0,32323,101025281,,94021,101025281,,63ef675a1e3d0b806d0959a93aad6d9efeef8489b4cdb1d6dd4a2597325ffc7f
ROOT#108827,CBOT,ZN,ZNU25,2025,9,U,daily,data/daily/CBOT/ZN/ZNU25.parquet,188,1734566400000,1758240000000,True,0,0,0,21,121165860,314852191.0,188,121165860,314852191.0,371687a0a668307a24434d1ae0bb625ab0f702fca73888c2949c6d091f351994
ROOT#108827,CBOT,ZN,ZNU25,2025,9,U,minute,data/minute/CBOT/ZN/ZNU25.parquet,99258,1738073520000,1758277140000,True,0,0,0,36198,91849317,,99258,91849317,,f42930b28791178d09f78067c9dfe059ee4cfad1a375ff980baccb9156f66805
ROOT#108827,CBOT,ZN,ZNM25,2025,6,M,daily,data/daily/CBOT/ZN/ZNM25.parquet,188,1726704000000,1750204800000,True,0,0,0,24,175251256,310285650.0,188,175251256,310285650.0,4001b3236cc0544fa22819cdaff10048602c9af92a13c26c671f02d77eccf581
ROOT#108827,CBOT,ZN,ZNM25,2025,6,M,minute,data/minute/CBOT/ZN/ZNM25.parquet,98832,1729155900000,1750241820000,True,0,0,0,29184,138202771,,98832,138202771,,f9ce78d3b5e31caa9e28556fbc7e60025f957ecb123436908c9520aaae43bcaf
ROOT#107855,CFE,VX,VXH26,2026,3,H,daily,data/daily/CFE/VX/VXH26.parquet,190,1750636800000,1773792000000,True,0,0,0,8,4676850,8511517.0,190,4676850,8511517.0,f33549759d0fbc4634f9fe4e5bcf731c150d25ad084f0cf3ce2a2553ab8a2c53
ROOT#107855,CFE,VX,VXH26,2026,3,H,minute,data/minute/CFE/VX/VXH26.parquet,79336,1751378700000,1773820740000,True,0,0,0,31430,4841514,,79336,4841514,,bb0da52cad8fb0ec0a8b397149155b53f5d6aa3e55c200e49b3a78dae2010767
ROOT#107855,CFE,VX,VXG26,2026,2,G,daily,data/daily/CFE/VX/VXG26.parquet,189,1748304000000,1771372800000,True,0,0,0,5,4010079,8102799.0,189,4010079,8102799.0,d7326cd4d70aa7e8e9f962ad14fea048a97be38b15e864661b2d4fcf60722a9b
ROOT#107855,CFE,VX,VXG26,2026,2,G,minute,data/minute/CFE/VX/VXG26.parquet,72350,1748344020000,1771401120000,True,0,0,0,30036,4204350,,72350,4204350,,a069b80b034e19638f845e398077cf2cf7a225f54e6aafdf2e7d8cbec72c1325
ROOT#107855,CFE,VX,VXF26,2026,1,F,daily,data/daily/CFE/VX/VXF26.parquet,196,1745193600000,1768953600000,True,0,0,0,7,3335466,8788657.0,196,3335466,8788657.0,7dbc30e2b5ce4b4dda5654f7f80ae98bfaee009c4987dbc3f26f6bd1328a1a32
ROOT#107855,CFE,VX,VXF26,2026,1,F,minute,data/minute/CFE/VX/VXF26.parquet,71626,1745576220000,1768982340000,True,0,0,0,30842,3398388,,71626,3398388,,185abe68af3f34b7a336699508a12ca716b3a62c3a331ac5e5380c539b83014a
ROOT#107855,CFE,VX,VXZ25,2025,12,Z,daily,data/daily/CFE/VX/VXZ25.parquet,192,1742774400000,1765929600000,True,0,0,0,1,4090400,9757185.0,192,4090400,9757185.0,54337916f19c5145df1e666b5e046171eadee5fae099f28e69c466fc47a62fd6
ROOT#107855,CFE,VX,VXZ25,2025,12,Z,minute,data/minute/CFE/VX/VXZ25.parquet,73978,1742893080000,1765958340000,True,0,0,0,31821,4152196,,73978,4152196,,e788212cbbb9dfdbb29b120f1ef3aaeb9d8b63d0c41c47b618ed9b99a9378bf8
ROOT#107855,CFE,VX,VXX25,2025,11,X,daily,data/daily/CFE/VX/VXX25.parquet,192,1740355200000,1763510400000,True,0,0,0,2,4274603,10012492.0,192,4274603,10012492.0,f8ae80e5069bd0f4bf401fb0e1280358b9383007f6234194162315b935010374
ROOT#107855,CFE,VX,VXX25,2025,11,X,minute,data/minute/CFE/VX/VXX25.parquet,76596,1740494160000,1763539140000,True,0,0,0,32593,4271882,,76596,4271882,,f5797c6ff79cf1ae6588a678850140ca5d66c2506c8d8ef7a1cb2afe23260c26
ROOT#101385,CME,ES,ESH26,2026,3,H,daily,data/daily/CME/ES/ESH26.parquet,651,1692230400000,1773964800000,True,0,0,0,397,100502983,122450859.0,651,100502983,122450859.0,219ecbd9462dc52587265fcf6aad486268cc792535f9c5384f19b9e9f35547fc
ROOT#101385,CME,ES,ESH26,2026,3,H,minute,data/minute/CME/ES/ESH26.parquet,115257,1738314480000,1773995340000,True,0,0,0,11741,89743023,,115257,89743023,,82a496191cc31e2e571095c9a52c95a82fc690ffd325c877c36e48c7a29d78c7
ROOT#101385,CME,ES,ESZ25,2025,12,Z,daily,data/daily/CME/ES/ESZ25.parquet,1145,1622764800000,1766102400000,True,0,0,7,882,107822671,128730777.0,1145,107822671,128730777.0,0ababbaefffde691e05cd69a1df85070bbacb32036c41adffb9839a99d670204
ROOT#101385,CME,ES,ESZ25,2025,12,Z,minute,data/minute/CME/ES/ESZ25.parquet,114477,1705544640000,1766132940000,True,0,0,0,11931,96953299,,114477,96953299,,73adf677d04da16fa297d556d63f9551f2e19b1481c54fa923c74a483b2b2866
ROOT#101385,CME,ES,ESU25,2025,9,U,daily,data/daily/CME/ES/ESU25.parquet,569,1686787200000,1758240000000,True,0,0,0,327,81749567,123758464.0,569,81749567,123758464.0,8d9997956b64eb8faea3e049aa0ae9929484f8f014259251232ac26e42206eab
ROOT#101385,CME,ES,ESU25,2025,9,U,minute,data/minute/CME/ES/ESU25.parquet,125562,1721746560000,1758270540000,True,0,0,0,16018,73209712,,125562,73209712,,4fc5f009a8067a30b6fea5997576bdf72b3ea27130c6310b66a1e505440af723
ROOT#101385,CME,ES,ESM25,2025,6,M,daily,data/daily/CME/ES/ESM25.parquet,570,1678924800000,1750377600000,True,0,0,0,314,105972337,135388295.0,570,105972337,135388295.0,94b12627eeb2d9770fa3054391c48e4f0f9616dadd297ec2f2ad5a483168d422
ROOT#101385,CME,ES,ESM25,2025,6,M,minute,data/minute/CME/ES/ESM25.parquet,123778,1706871240000,1750408140000,True,0,0,0,11740,94479075,,123778,94479075,,f28ae4855c3b59479479f5d8735740702127f95593371a5d91e614130cc70d50
ROOT#101385,CME,ES,ESH25,2025,3,H,daily,data/daily/CME/ES/ESH25.parquet,570,1670976000000,1742515200000,True,0,0,0,300,113292027,132252341.0,570,113292027,132252341.0,bb3a6e0941f0b87f7e6f1c885fd33fe612b5e73da956c92bb8d6ba5020781192
ROOT#101385,CME,ES,ESH25,2025,3,H,minute,data/minute/CME/ES/ESH25.parquet,116356,1702478580000,1742545740000,True,0,0,0,14116,101251086,,116356,101251086,,4099167389e47730d233123568df1782410951c281f380eabe25f910e57042b5
ROOT#107626,CME,SR3,SR3M26,2026,6,M,daily,data/daily/CME/SR3/SR3M26.parquet,1700,1569542400000,1782777600000,True,0,0,0,553,202823723,567863664.0,1700,202823723,567863664.0,054fcba7188064f40309589dbfc8031a4c54bfa6a00cff931701343f18f9d9ae
ROOT#107626,CME,SR3,SR3M26,2026,6,M,minute,data/minute/CME/SR3/SR3M26.parquet,679428,1635756720000,1782776820000,True,0,0,0,543194,104455936,,679428,104455936,,c0826cc555e7efab5a04962943f38ffc841cc73436fbb2d2d53cf02627e0c7dc
ROOT#107626,CME,SR3,SR3K26,2026,5,K,daily,data/daily/CME/SR3/SR3K26.parquet,140,1763078400000,1780617600000,True,0,0,0,55,13930,149143.0,140,13930,149143.0,1a53825bbf8023357dd7338d3b0f1644b0ae0047a91baf32e72909b643471f88
ROOT#107626,CME,SR3,SR3K26,2026,5,K,minute,data/minute/CME/SR3/SR3K26.parquet,325,1764914220000,1780065600000,True,0,0,0,318,12331,,325,12331,,bf0fae5867439f1e64b16b80d483eb5fb88f7a1fdc567082580ba391e8642d1c
ROOT#107626,CME,SR3,SR3J26,2026,4,J,daily,data/daily/CME/SR3/SR3J26.parquet,165,1760054400000,1780617600000,True,0,0,3,64,21322,337143.0,165,21322,337143.0,304b91e33feb379d4d169fdcc09c17f88c64676a4780db199534d4fff42d6600
ROOT#107626,CME,SR3,SR3J26,2026,4,J,minute,data/minute/CME/SR3/SR3J26.parquet,423,1760614560000,1777436760000,True,0,0,0,405,10457,,423,10457,,96861c7af61245da76e691e1b774faac8f8ed93b3f72b4464098a5d9fff5b4cc
ROOT#107626,CME,SR3,SR3H26,2026,3,H,daily,data/daily/CME/SR3/SR3H26.parquet,1684,1569542400000,1780617600000,True,0,0,1,550,194706054,580240919.0,1684,194706054,580240919.0,b6f32554068d5a40d13ca0554e3515dfe06a93f5c2b4a1a9e22f7f49bc0499d6
ROOT#107626,CME,SR3,SR3H26,2026,3,H,minute,data/minute/CME/SR3/SR3H26.parquet,669979,1637143140000,1774914540000,True,0,0,0,531352,99796699,,669979,99796699,,56f8217c7f83cce9948ff93ecf14df544b3934b22bc2b8b439098312ee86dae8
ROOT#107626,CME,SR3,SR3G26,2026,2,G,daily,data/daily/CME/SR3/SR3G26.parquet,193,1755216000000,1779235200000,True,0,0,1,93,17209,367900.0,193,17209,367900.0,273dce571361eaffbc226854e6132f59103cf5de0838d7609559d595ca91375d
ROOT#107626,CME,SR3,SR3G26,2026,2,G,minute,data/minute/CME/SR3/SR3G26.parquet,345,1755704760000,1772192820000,True,0,0,0,333,8267,,345,8267,,47c5650e384055fac30c89e738e56831e7d586e0e9a34e5e516232ef27496924
ROOT#103576,COMEX,GC,GCM26,2026,6,M,daily,data/daily/COMEX/GC/GCM26.parquet,1507,1593388800000,1782432000000,True,0,0,0,1197,7609094,16126140.0,1507,7609094,16126140.0,b09e48bbf563257618894c42f2c77521ca55257c1c78f3da64c8bc0f61c47314
ROOT#103576,COMEX,GC,GCM26,2026,6,M,minute,data/minute/COMEX/GC/GCM26.parquet,119655,1697198580000,1782376380000,True,0,0,0,25632,5445678,,119655,5445678,,a002fa57346896213a6cd5597c2d091638d524754fcfdcf5a20f3325e8558a1f
ROOT#103576,COMEX,GC,GCK26,2026,5,K,daily,data/daily/COMEX/GC/GCK26.parquet,326,1738886400000,1779840000000,True,0,0,0,126,99255,142889.0,326,99255,142889.0,4b65a4b7e93fe0d69f5d5452bbf046b04f2eee8fd930adf6ae99d72930eaf74a
ROOT#103576,COMEX,GC,GCK26,2026,5,K,minute,data/minute/COMEX/GC/GCK26.parquet,18040,1745320020000,1779882360000,True,0,0,0,11358,53221,,18040,53221,,756c5f957766bd576e34b23a0bc6dbc147303d63fa647d5a8aafb5a698241b85
ROOT#103576,COMEX,GC,GCJ26,2026,4,J,daily,data/daily/COMEX/GC/GCJ26.parquet,480,1717027200000,1777334400000,True,0,0,0,170,10306551,16122704.0,480,10306551,16122704.0,eebaaf360761e43c14ac0b1a99457637a21ae54879c53d26faefdb44a5d0b538
ROOT#103576,COMEX,GC,GCJ26,2026,4,J,minute,data/minute/COMEX/GC/GCJ26.parquet,105904,1727176440000,1777334520000,True,0,0,0,21626,7882564,,105904,7882564,,85fd6ed792c0bd3e438fee5c0893104ca1ac2ab0217484ed2cd3af6be5d625cb
ROOT#103576,COMEX,GC,GCH26,2026,3,H,daily,data/daily/COMEX/GC/GCH26.parquet,285,1738886400000,1774569600000,True,0,0,0,87,203761,282223.0,285,203761,282223.0,29036474ef59f16753f699c3a6140ea55e14a078f454da71464be9d8ecb3a3a1
ROOT#103576,COMEX,GC,GCH26,2026,3,H,minute,data/minute/COMEX/GC/GCH26.parquet,30180,1745179620000,1774515900000,True,0,0,0,16348,139029,,30180,139029,,bdf127bf6489b6417e5bcbeb13f3ef7fd6292c185c96e2f623ce22c6879588f9
ROOT#103576,COMEX,GC,GCG26,2026,2,G,daily,data/daily/COMEX/GC/GCG26.parquet,481,1711497600000,1771977600000,True,0,0,0,184,11142866,18269745.0,481,11142866,18269745.0,a4e51a8558382a57f8b18736790138ed4e442644283ce16a6478c1f8f7ebe5ed
ROOT#103576,COMEX,GC,GCG26,2026,2,G,minute,data/minute/COMEX/GC/GCG26.parquet,106332,1724138640000,1771998060000,True,0,0,0,21214,8834861,,106332,8834861,,be2abf8321a04ff2857f17248ce4f790a77a9bcf7d3e04587c3cf8cc40df3031
ROOT#107600,ICEUS,SB,SBK26,2026,5,K,daily,data/daily/ICEUS/SB/SBK26.parquet,733,1685577600000,1777507200000,True,0,0,0,17,8658581,51282622.0,733,8658581,51282622.0,6c98799290380fba36a8183e35e5986c30dcbac3858ccf16e3e41d8b739c4a78
ROOT#107600,ICEUS,SB,SBK26,2026,5,K,minute,data/minute/ICEUS/SB/SBK26.parquet,123591,1685689560000,1777544880000,True,0,0,0,71469,4114497,,123591,4114497,,19ef1cb07f2425aa724c84e20f2f80a5981a2ecd717f64db8c9e221ffb49d807
ROOT#107600,ICEUS,SB,SBH26,2026,3,H,daily,data/daily/ICEUS/SB/SBH26.parquet,731,1680480000000,1772150400000,True,0,0,0,6,10651623,79643703.0,731,10651623,79643703.0,0b648513ec803b0ecc1efd123464c7322d222f834cbcbe0707a2b361618be0d8
ROOT#107600,ICEUS,SB,SBH26,2026,3,H,minute,data/minute/ICEUS/SB/SBH26.parquet,154568,1680683100000,1772191680000,True,0,0,0,77036,6089871,,154568,6089871,,0fdfc694cfea29a2425c384399f801ae06cc99dc06b53fc73a8595ac3c03a022
ROOT#107600,ICEUS,SB,SBV25,2025,10,V,daily,data/daily/ICEUS/SB/SBV25.parquet,732,1667260800000,1759190400000,True,0,0,0,57,8211290,53479650.0,732,8211290,53479650.0,4a53a49ac33497c1252de52adef55e0b7382fa25ff6c131a5c05ecff561a03e9
ROOT#107600,ICEUS,SB,SBV25,2025,10,V,minute,data/minute/ICEUS/SB/SBV25.parquet,134973,1667384340000,1759233240000,True,0,0,0,71909,3971698,,134973,3971698,,0dff8237dbe60dcc53445cd262c558383184cfcf02ed7e7591e538b6b309eb16
ROOT#107600,ICEUS,SB,SBN25,2025,7,N,daily,data/daily/ICEUS/SB/SBN25.parquet,732,1659312000000,1751241600000,True,0,0,0,69,7691407,47099203.0,732,7691407,47099203.0,4c4b3c347fef77dfd698f20e59113fa8be021f905ba447ada8e1bb9ebfa5122c
ROOT#107600,ICEUS,SB,SBN25,2025,7,N,minute,data/minute/ICEUS/SB/SBN25.parquet,131992,1659349500000,1751284260000,True,0,0,0,68720,3496355,,131992,3496355,,bb2d996a7b24dfc321bca8fd5d8cfda8563c4a663ef22c35114506a09a0ab45b
ROOT#107600,ICEUS,SB,SBK25,2025,5,K,daily,data/daily/ICEUS/SB/SBK25.parquet,732,1654041600000,1745971200000,True,0,0,0,61,7557888,47388960.0,732,7557888,47388960.0,36a6d490e912f38900c49885f43f9392cf17baf07a7b69caf68131936cdc8f5b
ROOT#107600,ICEUS,SB,SBK25,2025,5,K,minute,data/minute/ICEUS/SB/SBK25.parquet,131146,1654499340000,1746012540000,True,0,0,0,64935,3599105,,131146,3599105,,ed9c88907a624cb7d90c8fe26ad37434501ee43aca4691b6eeb7062053171400
ROOT#100430,NYMEX,CL,CLM26,2026,6,M,daily,data/daily/NYMEX/CL/CLM26.parquet,2135,1511222400000,1779148800000,True,0,0,4,1318,29262725,64342239.0,2135,29262725,64342239.0,6ac35398b52d71c549fa61fa724e922d5fe636563708828a0c274ce1eb1b8c8b
ROOT#100430,NYMEX,CL,CLM26,2026,6,M,minute,data/minute/NYMEX/CL/CLM26.parquet,249684,1622705820000,1779197340000,True,0,0,0,87282,8526903,,249684,8526903,,0f53aa36369f0eb86daf591fd058b55eb1bc9367565c87ee76d19e075b54bc13
ROOT#100430,NYMEX,CL,CLK26,2026,5,K,daily,data/daily/NYMEX/CL/CLK26.parquet,2075,1516579200000,1776729600000,True,0,0,6,1699,21368449,24313352.0,2075,21368449,24313352.0,3daa4da316de472e673874cc5357e0a6d78f2a9f232608fce58e8f23434b1bf6
ROOT#100430,NYMEX,CL,CLK26,2026,5,K,minute,data/minute/NYMEX/CL/CLK26.parquet,114249,1718266560000,1776778140000,True,0,0,0,29207,9812100,,114249,9812100,,be4a494d89a0e779a8442fb16d7231d60e3f99b03e54f2ad017196fd42548afb
ROOT#100430,NYMEX,CL,CLJ26,2026,4,J,daily,data/daily/NYMEX/CL/CLJ26.parquet,2054,1516579200000,1773964800000,True,0,0,6,1694,20067880,22990743.0,2054,20067880,22990743.0,3976558ec2ae757b5b5b1882702632f02980be04fc4c4fd13041e0bb60d3a280
ROOT#100430,NYMEX,CL,CLJ26,2026,4,J,minute,data/minute/NYMEX/CL/CLJ26.parquet,108436,1718342820000,1774013340000,True,0,0,0,30820,9605456,,108436,9605456,,1712283fcb3f33e3edec44548880f1bd621128da36b9ba31a43aff9a3ccf43c2
ROOT#100430,NYMEX,CL,CLH26,2026,3,H,daily,data/daily/NYMEX/CL/CLH26.parquet,2034,1516579200000,1771545600000,True,0,0,6,1465,19314070,39221481.0,2034,19314070,39221481.0,a96fd7432d9614c7282d799cca76329ea0f5d85e74170bcebf3ab8cdcbb1ae10
ROOT#100430,NYMEX,CL,CLH26,2026,3,H,minute,data/minute/NYMEX/CL/CLH26.parquet,126534,1675935780000,1771594140000,True,0,0,0,41938,6254238,,126534,6254238,,5e81f6dfd5aa7badde1a6bd988f47d9d90f9b8b3ee5d6dc658a4b6f490cad81b
ROOT#100430,NYMEX,CL,CLG26,2026,2,G,daily,data/daily/NYMEX/CL/CLG26.parquet,2012,1516579200000,1768867200000,True,0,0,6,1629,12885718,24367711.0,2012,12885718,24367711.0,116ec7de3571873f03d5aa3264252d874ca1e6a2bf6a22670e2ffe7350fe9369
ROOT#100430,NYMEX,CL,CLG26,2026,2,G,minute,data/minute/NYMEX/CL/CLG26.parquet,105384,1606987140000,1768915740000,True,0,0,0,34409,4146275,,105384,4146275,,4434d72c73b8f03127c93560f453466852090fd618aacf3fb3475be6baaf9ef0
